dia_entrega,inicio_utc,inicio_local,precio_previsto,prob_precio_cero,emitida_utc
2026-09-21,2026-09-20 22:00:00,2026-09-21 00:00,205.42,0.0,2026-09-20 09:13:20
2026-09-21,2026-09-20 22:15:00,2026-09-21 00:15,202.61,0.0,2026-09-20 09:13:20
2026-09-21,2026-09-20 22:30:00,2026-09-21 00:30,201.95,0.0,2026-09-20 09:13:20
2026-09-21,2026-09-20 22:45:00,2026-09-21 00:45,198.74,0.0,2026-09-20 09:13:20
2026-09-21,2026-09-20 23:00:00,2026-09-21 01:00,199.42,0.0,2026-09-20 09:13:20
2026-09-21,2026-09-20 23:15:00,2026-09-21 01:15,198.4,0.0,2026-09-20 09:13:20
2026-09-21,2026-09-20 23:30:00,2026-09-21 01:30,196.11,0.0,2026-09-20 09:13:20
2026-09-21,2026-09-20 23:45:00,2026-09-21 01:45,194.3,0.0,2026-09-20 09:13:20
2026-09-21,2026-09-21 00:00:00,2026-09-21 02:00,188.18,0.0,2026-09-20 09:13:20
2026-09-21,2026-09-21 00:15:00,2026-09-21 02:15,187.74,0.0,2026-09-20 09:13:20
2026-09-21,2026-09-21 00:30:00,2026-09-21 02:30,186.66,0.0,2026-09-20 09:13:20
2026-09-21,2026-09-21 00:45:00,2026-09-21 02:45,186.79,0.0,2026-09-20 09:13:20
2026-09-21,2026-09-21 01:00:00,2026-09-21 03:00,178.6,0.0,2026-09-20 09:13:20
2026-09-21,2026-09-21 01:15:00,2026-09-21 03:15,178.88,0.0,2026-09-20 09:13:20
2026-09-21,2026-09-21 01:30:00,2026-09-21 03:30,177.95,0.0,2026-09-20 09:13:20
2026-09-21,2026-09-21 01:45:00,2026-09-21 03:45,177.18,0.0,2026-09-20 09:13:20
2026-09-21,2026-09-21 02:00:00,2026-09-21 04:00,182.4,0.0,2026-09-20 09:13:20
2026-09-21,2026-09-21 02:15:00,2026-09-21 04:15,182.3,0.0,2026-09-20 09:13:20
2026-09-21,2026-09-21 02:30:00,2026-09-21 04:30,182.38,0.0,2026-09-20 09:13:20
2026-09-21,2026-09-21 02:45:00,2026-09-21 04:45,184.13,0.0,2026-09-20 09:13:20
2026-09-21,2026-09-21 03:00:00,2026-09-21 05:00,188.71,0.0,2026-09-20 09:13:20
2026-09-21,2026-09-21 03:15:00,2026-09-21 05:15,189.32,0.0,2026-09-20 09:13:20
2026-09-21,2026-09-21 03:30:00,2026-09-21 05:30,191.57,0.0,2026-09-20 09:13:20
2026-09-21,2026-09-21 03:45:00,2026-09-21 05:45,192.71,0.0,2026-09-20 09:13:20
2026-09-21,2026-09-21 04:00:00,2026-09-21 06:00,216.01,0.0,2026-09-20 09:13:20
2026-09-21,2026-09-21 04:15:00,2026-09-21 06:15,216.68,0.0,2026-09-20 09:13:20
2026-09-21,2026-09-21 04:30:00,2026-09-21 06:30,217.71,0.0,2026-09-20 09:13:20
2026-09-21,2026-09-21 04:45:00,2026-09-21 06:45,221.45,0.0,2026-09-20 09:13:20
2026-09-21,2026-09-21 05:00:00,2026-09-21 07:00,226.12,0.0,2026-09-20 09:13:20
2026-09-21,2026-09-21 05:15:00,2026-09-21 07:15,230.87,0.0,2026-09-20 09:13:20
2026-09-21,2026-09-21 05:30:00,2026-09-21 07:30,231.84,0.0,2026-09-20 09:13:20
2026-09-21,2026-09-21 05:45:00,2026-09-21 07:45,232.6,0.0,2026-09-20 09:13:20
2026-09-21,2026-09-21 06:00:00,2026-09-21 08:00,233.71,0.0,2026-09-20 09:13:20
2026-09-21,2026-09-21 06:15:00,2026-09-21 08:15,236.71,0.0,2026-09-20 09:13:20
2026-09-21,2026-09-21 06:30:00,2026-09-21 08:30,231.55,0.0,2026-09-20 09:13:20
2026-09-21,2026-09-21 06:45:00,2026-09-21 08:45,217.84,0.0,2026-09-20 09:13:20
2026-09-21,2026-09-21 07:00:00,2026-09-21 09:00,166.58,0.0,2026-09-20 09:13:20
2026-09-21,2026-09-21 07:15:00,2026-09-21 09:15,155.23,0.0,2026-09-20 09:13:20
2026-09-21,2026-09-21 07:30:00,2026-09-21 09:30,136.22,0.0,2026-09-20 09:13:20
2026-09-21,2026-09-21 07:45:00,2026-09-21 09:45,122.16,0.0,2026-09-20 09:13:20
2026-09-21,2026-09-21 08:00:00,2026-09-21 10:00,133.82,0.0,2026-09-20 09:13:20
2026-09-21,2026-09-21 08:15:00,2026-09-21 10:15,120.65,0.0,2026-09-20 09:13:20
2026-09-21,2026-09-21 08:30:00,2026-09-21 10:30,102.66,0.0,2026-09-20 09:13:20
2026-09-21,2026-09-21 08:45:00,2026-09-21 10:45,87.1,0.0,2026-09-20 09:13:20
2026-09-21,2026-09-21 09:00:00,2026-09-21 11:00,140.6,0.0,2026-09-20 09:13:20
2026-09-21,2026-09-21 09:15:00,2026-09-21 11:15,124.84,0.0,2026-09-20 09:13:20
2026-09-21,2026-09-21 09:30:00,2026-09-21 11:30,103.76,0.0,2026-09-20 09:13:20
2026-09-21,2026-09-21 09:45:00,2026-09-21 11:45,79.26,0.0,2026-09-20 09:13:20
2026-09-21,2026-09-21 10:00:00,2026-09-21 12:00,90.98,0.0,2026-09-20 09:13:20
2026-09-21,2026-09-21 10:15:00,2026-09-21 12:15,78.38,0.0,2026-09-20 09:13:20
2026-09-21,2026-09-21 10:30:00,2026-09-21 12:30,75.48,0.0,2026-09-20 09:13:20
2026-09-21,2026-09-21 10:45:00,2026-09-21 12:45,68.23,0.0,2026-09-20 09:13:20
2026-09-21,2026-09-21 11:00:00,2026-09-21 13:00,68.16,0.0,2026-09-20 09:13:20
2026-09-21,2026-09-21 11:15:00,2026-09-21 13:15,58.17,0.0,2026-09-20 09:13:20
2026-09-21,2026-09-21 11:30:00,2026-09-21 13:30,55.79,0.001,2026-09-20 09:13:20
2026-09-21,2026-09-21 11:45:00,2026-09-21 13:45,51.07,0.0,2026-09-20 09:13:20
2026-09-21,2026-09-21 12:00:00,2026-09-21 14:00,37.75,0.001,2026-09-20 09:13:20
2026-09-21,2026-09-21 12:15:00,2026-09-21 14:15,37.3,0.0,2026-09-20 09:13:20
2026-09-21,2026-09-21 12:30:00,2026-09-21 14:30,35.24,0.001,2026-09-20 09:13:20
2026-09-21,2026-09-21 12:45:00,2026-09-21 14:45,34.82,0.002,2026-09-20 09:13:20
2026-09-21,2026-09-21 13:00:00,2026-09-21 15:00,38.51,0.001,2026-09-20 09:13:20
2026-09-21,2026-09-21 13:15:00,2026-09-21 15:15,38.09,0.001,2026-09-20 09:13:20
2026-09-21,2026-09-21 13:30:00,2026-09-21 15:30,37.5,0.001,2026-09-20 09:13:20
2026-09-21,2026-09-21 13:45:00,2026-09-21 15:45,38.61,0.001,2026-09-20 09:13:20
2026-09-21,2026-09-21 14:00:00,2026-09-21 16:00,39.39,0.0,2026-09-20 09:13:20
2026-09-21,2026-09-21 14:15:00,2026-09-21 16:15,40.07,0.0,2026-09-20 09:13:20
2026-09-21,2026-09-21 14:30:00,2026-09-21 16:30,40.87,0.0,2026-09-20 09:13:20
2026-09-21,2026-09-21 14:45:00,2026-09-21 16:45,43.25,0.0,2026-09-20 09:13:20
2026-09-21,2026-09-21 15:00:00,2026-09-21 17:00,54.88,0.0,2026-09-20 09:13:20
2026-09-21,2026-09-21 15:15:00,2026-09-21 17:15,58.38,0.0,2026-09-20 09:13:20
2026-09-21,2026-09-21 15:30:00,2026-09-21 17:30,60.24,0.0,2026-09-20 09:13:20
2026-09-21,2026-09-21 15:45:00,2026-09-21 17:45,70.63,0.0,2026-09-20 09:13:20
2026-09-21,2026-09-21 16:00:00,2026-09-21 18:00,96.21,0.0,2026-09-20 09:13:20
2026-09-21,2026-09-21 16:15:00,2026-09-21 18:15,122.48,0.0,2026-09-20 09:13:20
2026-09-21,2026-09-21 16:30:00,2026-09-21 18:30,138.87,0.0,2026-09-20 09:13:20
2026-09-21,2026-09-21 16:45:00,2026-09-21 18:45,160.54,0.0,2026-09-20 09:13:20
2026-09-21,2026-09-21 17:00:00,2026-09-21 19:00,184.76,0.0,2026-09-20 09:13:20
2026-09-21,2026-09-21 17:15:00,2026-09-21 19:15,197.42,0.0,2026-09-20 09:13:20
2026-09-21,2026-09-21 17:30:00,2026-09-21 19:30,208.15,0.0,2026-09-20 09:13:20
2026-09-21,2026-09-21 17:45:00,2026-09-21 19:45,213.82,0.0,2026-09-20 09:13:20
2026-09-21,2026-09-21 18:00:00,2026-09-21 20:00,208.93,0.0,2026-09-20 09:13:20
2026-09-21,2026-09-21 18:15:00,2026-09-21 20:15,209.14,0.0,2026-09-20 09:13:20
2026-09-21,2026-09-21 18:30:00,2026-09-21 20:30,210.16,0.0,2026-09-20 09:13:20
2026-09-21,2026-09-21 18:45:00,2026-09-21 20:45,208.47,0.0,2026-09-20 09:13:20
2026-09-21,2026-09-21 19:00:00,2026-09-21 21:00,215.56,0.0,2026-09-20 09:13:20
2026-09-21,2026-09-21 19:15:00,2026-09-21 21:15,215.6,0.0,2026-09-20 09:13:20
2026-09-21,2026-09-21 19:30:00,2026-09-21 21:30,216.77,0.0,2026-09-20 09:13:20
2026-09-21,2026-09-21 19:45:00,2026-09-21 21:45,217.45,0.0,2026-09-20 09:13:20
2026-09-21,2026-09-21 20:00:00,2026-09-21 22:00,217.53,0.0,2026-09-20 09:13:20
2026-09-21,2026-09-21 20:15:00,2026-09-21 22:15,212.42,0.0,2026-09-20 09:13:20
2026-09-21,2026-09-21 20:30:00,2026-09-21 22:30,211.07,0.0,2026-09-20 09:13:20
2026-09-21,2026-09-21 20:45:00,2026-09-21 22:45,203.5,0.0,2026-09-20 09:13:20
2026-09-21,2026-09-21 21:00:00,2026-09-21 23:00,198.51,0.0,2026-09-20 09:13:20
2026-09-21,2026-09-21 21:15:00,2026-09-21 23:15,195.95,0.0,2026-09-20 09:13:20
2026-09-21,2026-09-21 21:30:00,2026-09-21 23:30,193.2,0.0,2026-09-20 09:13:20
2026-09-21,2026-09-21 21:45:00,2026-09-21 23:45,190.33,0.0,2026-09-20 09:13:20
